"Team","total_wins","total_losses","win_pct","total_pts","total_opp_pts","avg_fgpct","avg_opp_fgpct","total_rebounds","total_turnovers","total_assists"
"Abilene Christian",164,136,0.546666666666667,22443,21520,0.447234726688103,0.451366559485531,9343,4053,4514
"Air Force",105,191,0.35472972972973,20239,21738,0.443934853420195,0.462120521172638,8576,3662,4302
"Akron",213,104,0.67192429022082,24316,22352,0.444128440366972,0.427296636085627,10705,3737,4459
"Alabama",217,118,0.647761194029851,26684,24813,0.448849710982659,0.417468208092486,12302,4480,4657
"Alabama A&M",78,203,0.277580071174377,19092,21344,0.409235494880546,0.447160409556314,9062,4135,3424
"Alabama State",108,180,0.375,20668,21922,0.40253488372093,0.441614617940199,9908,3875,3311
"Alabama-Birmingham",22,7,0.758620689655172,2105,1748,0.449862068965517,0.406896551724138,973,288,308
"Albany (NY)",134,132,0.503759398496241,19609,19310,0.441229090909091,0.454541818181818,8683,3275,3328
"Alcorn State",118,174,0.404109589041096,20347,21907,0.418043046357616,0.449708609271523,9501,3910,3303
"American",117,160,0.422382671480144,19111,19965,0.453979661016949,0.463538983050847,8083,3552,3708
"Appalachian State",145,156,0.481727574750831,22574,21943,0.429554140127389,0.431331210191083,10535,3719,3967
"Arizona",218,74,0.746575342465753,24296,21142,0.478534653465347,0.421042904290429,10858,3610,4865
"Arizona State",159,144,0.524752475247525,23608,23502,0.434498442367601,0.439563862928349,10157,3697,4234
"Arkansas",184,108,0.63013698630137,23731,22181,0.455534426229508,0.426019672131148,10014,3571,4324
"Arkansas State",144,154,0.483221476510067,22965,22831,0.43495873015873,0.436993650793651,10723,3799,4087
"Arkansas-Pine Bluff",89,212,0.295681063122924,20577,23197,0.415900958466454,0.45588178913738,8917,4577,3674
"Army",133,159,0.455479452054795,22044,22070,0.44111038961039,0.446642857142857,10054,3780,4462
"Auburn",212,111,0.656346749226006,26191,24201,0.44113056379822,0.425017804154303,11172,4034,4767
"Austin Peay",138,163,0.458471760797342,23162,23485,0.440830188679245,0.468720125786164,9966,3810,4010
"Ball State",145,145,0.5,23022,22528,0.452726688102894,0.433607717041801,10281,4053,4235
"Baylor",203,91,0.69047619047619,23149,20514,0.464201986754967,0.435437086092715,10055,3635,4640
"Bellarmine",60,87,0.408163265306122,10463,10621,0.465563758389262,0.453489932885906,4097,1477,2136
"Belmont",203,76,0.727598566308244,22956,20888,0.48325,0.437447916666667,9298,3360,4886
"Bethune-Cookman",113,160,0.413919413919414,20160,20946,0.423194444444444,0.438503472222222,9395,3846,3549
"Binghamton",104,181,0.364912280701754,19773,20892,0.435063973063973,0.439979797979798,9366,3716,3460
"Boise State",187,92,0.670250896057348,21750,19645,0.456643835616438,0.434650684931507,9545,3297,3700
"Boston College",120,176,0.405405405405405,21718,22684,0.436669871794872,0.45075641025641,9782,3765,4045
"Boston University",149,143,0.51027397260274,21520,21522,0.446279220779221,0.446788961038961,9696,3799,3840
"Bowling Green State",150,155,0.491803278688525,23758,23620,0.43574921630094,0.445216300940439,10810,3764,3934
"Bradley",169,155,0.521604938271605,22411,21981,0.436951807228916,0.416246987951807,10776,4209,4105
"Brigham Young",194,95,0.671280276816609,23695,21416,0.467870431893688,0.428887043189369,10471,3596,4798
"Brown",115,136,0.458167330677291,18896,19021,0.436374045801527,0.447416030534351,8503,3400,3479
"Bryant",141,152,0.48122866894198,22735,22990,0.439747540983607,0.43723606557377,10127,3828,4166
"Bucknell",155,135,0.53448275862069,22760,22279,0.457977419354839,0.436396774193548,9775,3832,4360
"Buffalo",154,123,0.555956678700361,22458,21686,0.449933797909408,0.438128919860627,10258,3826,4239
"Butler",145,132,0.523465703971119,21163,20567,0.451759450171821,0.448137457044674,8753,3095,3886
"Cal Poly",82,199,0.291814946619217,20076,21671,0.411558139534884,0.449717607973422,9058,3602,3488
"Cal State Bakersfield",150,152,0.496688741721854,21536,21030,0.43075873015873,0.423568253968254,10304,3863,3861
"Cal State Fullerton",125,152,0.451263537906137,20887,21292,0.435326666666667,0.43509,9505,3873,3249
"Cal State Long Beach",36,35,0.507042253521127,5671,5770,0.4335625,0.432225,2541,1092,948
"Cal State Northridge",107,187,0.363945578231293,21833,22824,0.43885016286645,0.440107491856678,9787,3857,4040
"California",96,152,0.387096774193548,17834,18603,0.423324324324324,0.444660231660232,8358,3033,2864
"California Baptist",95,82,0.536723163841808,13244,12584,0.436142076502732,0.432021857923497,6260,2190,2474
"Campbell",151,156,0.49185667752443,22709,22115,0.45911875,0.4495125,9279,3593,4222
"Canisius",121,163,0.426056338028169,21556,22082,0.432516556291391,0.463092715231788,9066,3558,4305
"Central Arkansas",88,206,0.299319727891156,22459,24739,0.430094155844156,0.463194805194805,9852,4312,4265
"Central Connecticut State",100,185,0.350877192982456,20001,21471,0.4266,0.448326666666667,9343,3803,3694
"Central Florida",130,100,0.565217391304348,16793,16332,0.435560975609756,0.412191056910569,8038,3168,3082
"Central Michigan",148,152,0.493333333333333,23735,23560,0.439022292993631,0.445251592356688,10148,3650,3903
"Charleston Southern",106,182,0.368055555555556,21616,22152,0.427509933774834,0.453145695364238,9801,3814,3607
"Charlotte",124,163,0.43205574912892,21649,22214,0.445623376623377,0.456909090909091,9225,3566,3874
"Chattanooga",196,116,0.628205128205128,24528,23031,0.457423780487805,0.442875,10355,3814,4488
"Chicago State",58,232,0.2,19069,22719,0.396786440677966,0.470728813559322,8817,4059,3236
"Cincinnati",199,94,0.679180887372014,22053,19601,0.438516556291391,0.40914238410596,10359,3172,4436
"Citadel",22,31,0.415094339622642,3938,4017,0.453018181818182,0.463345454545455,1659,681,783
"Clemson",194,119,0.619808306709265,23185,21480,0.450386996904025,0.418687306501548,10474,3524,4293
"Cleveland State",154,151,0.504918032786885,23001,22897,0.442312883435583,0.43969018404908,10121,3939,4313
"Coastal Carolina",129,145,0.470802919708029,21049,20484,0.440679442508711,0.413439024390244,10299,3695,3669
"Colgate",178,122,0.593333333333333,22942,21710,0.471057142857143,0.44284126984127,9823,3528,4706
"College of Charleston",199,101,0.663333333333333,23338,21988,0.443197492163009,0.436137931034483,10399,3548,3966
"Colorado",192,137,0.583586626139818,24730,23501,0.44877581120944,0.427634218289086,11527,4258,4596
"Colorado State",196,119,0.622222222222222,24450,23126,0.459012158054711,0.433796352583587,10783,3639,4832
"Columbia",100,139,0.418410041841004,18460,18548,0.443637795275591,0.448389763779528,8090,3061,3690
"Connecticut",214,109,0.662538699690402,24661,22142,0.452434523809524,0.408169642857143,11293,3737,4853
"Coppin State",64,219,0.226148409893993,20039,23461,0.392504983388704,0.454036544850498,9080,4256,3279
"Cornell",124,121,0.506122448979592,19410,19212,0.454891472868217,0.443321705426357,8072,3236,3957
"Creighton",210,117,0.642201834862385,26141,23908,0.473494117647059,0.427547058823529,11410,3923,5400
"Dartmouth",84,151,0.357446808510638,17183,17609,0.435224899598394,0.451172690763052,7850,3126,3204
"Davidson",165,107,0.606617647058823,20622,19434,0.455074733096085,0.434825622775801,8826,2821,4132
"Dayton",181,90,0.66789667896679,20633,18943,0.474663157894737,0.421543859649123,9047,3354,4300
"DePaul",102,197,0.341137123745819,21901,23319,0.437512903225806,0.452825806451613,9689,4058,4037
"Delaware",129,163,0.441780821917808,21699,22332,0.44663961038961,0.443175324675325,9563,3517,3842
"Delaware State",83,208,0.285223367697594,20425,22693,0.412141914191419,0.444924092409241,9500,4265,3587
"Denver",116,171,0.40418118466899,21558,22325,0.466059602649007,0.460572847682119,8887,3801,3976
"Detroit Mercy",104,192,0.351351351351351,22621,23868,0.438267973856209,0.469464052287582,9504,3784,3779
"Dixie State",20,31,0.392156862745098,3708,3899,0.422211538461538,0.443461538461538,1744,772,800
"Drake",184,120,0.605263157894737,23924,22582,0.459912386706949,0.442389728096677,10223,3608,4502
"Drexel",128,162,0.441379310344828,21343,21407,0.4411875,0.447851973684211,9800,3393,3885
"Duke",241,64,0.79016393442623,25158,21240,0.47681847133758,0.417984076433121,11102,3395,4878
"Duquesne",141,158,0.471571906354515,22220,22220,0.433803225806452,0.440877419354839,10184,3800,4195
"East Carolina",128,166,0.435374149659864,20800,21597,0.418816993464052,0.437529411764706,9728,3741,4103
"East Tennessee State",187,125,0.599358974358974,24115,22638,0.452790769230769,0.429916923076923,10961,4036,4298
"East Texas A&M",18,46,0.28125,4356,4783,0.414109375,0.468046875,1789,813,896
"Eastern Illinois",109,178,0.37979094076655,20795,21784,0.427218241042345,0.439801302931596,9508,3777,4061
"Eastern Kentucky",154,141,0.522033898305085,24592,23794,0.44391167192429,0.452763406940063,10202,3829,4643
"Eastern Michigan",140,157,0.471380471380471,22311,22575,0.441418006430868,0.437028938906752,9826,3770,3544
"Eastern Washington",153,123,0.554347826086957,22292,21507,0.469558620689655,0.446558620689655,9184,3490,4162
"Elon",124,170,0.421768707482993,22035,22481,0.434796116504854,0.438177993527508,9964,3683,4141
"Evansville",135,172,0.439739413680782,21679,22324,0.441866043613707,0.445255451713396,9438,3717,4211
"FDU",28,37,0.430769230769231,4861,4897,0.426892307692308,0.446430769230769,2110,759,933
"Fairfield",127,167,0.431972789115646,21935,22426,0.425488958990536,0.447621451104101,9826,3719,4021
"Fairleigh Dickinson",96,133,0.419213973799127,18042,18537,0.445963265306122,0.458902040816327,7393,3116,3204
"Florida",207,119,0.634969325153374,25460,23183,0.444252941176471,0.41975,11471,3823,4502
"Florida A&M",80,197,0.288808664259928,18985,21326,0.419134020618557,0.447652920962199,8614,4093,3365
"Florida Atlantic",160,145,0.524590163934426,23182,22265,0.439350157728707,0.434709779179811,10682,3846,4208
"Florida Gulf Coast",174,127,0.578073089700997,23512,22241,0.461769716088328,0.426794952681388,10685,3879,4473
"Florida International",124,170,0.421768707482993,22744,23183,0.442223974763407,0.444596214511041,9805,4206,4068
"Florida State",181,132,0.578274760383387,24500,23425,0.458187116564417,0.428162576687117,10618,4101,4387
"Fordham",118,167,0.414035087719298,20233,20898,0.413223333333333,0.448036666666667,9397,3720,3892
"Fresno State",157,142,0.525083612040134,22063,21703,0.444171974522293,0.435668789808917,9792,3665,3826
"Furman",201,114,0.638095238095238,25159,22846,0.462664652567976,0.440486404833837,10666,3844,5066
"Gardner-Webb",153,146,0.511705685618729,23513,22775,0.454990625,0.430925,10579,4039,4301
"George Mason",153,138,0.525773195876289,22087,21848,0.441961904761905,0.425965079365079,10676,3925,3791
"George Washington",154,151,0.504918032786885,22506,22453,0.439650943396226,0.43785534591195,10385,3817,4046
"Georgetown",109,156,0.411320754716981,20709,21100,0.435769503546099,0.442829787234043,9448,3625,3977
"Georgia",140,143,0.49469964664311,20997,21141,0.436719178082192,0.426729452054795,9707,3797,3706
"Georgia Southern",155,145,0.516666666666667,23100,22382,0.438238095238095,0.430069841269841,10270,3849,3601
"Georgia State",148,114,0.564885496183206,20206,19502,0.445572463768116,0.420007246376812,8836,3152,3458
"Georgia Tech",150,160,0.483870967741935,22414,22535,0.436941358024691,0.430064814814815,10587,3826,4486
"Gonzaga",265,44,0.857605177993528,26861,21230,0.51288253968254,0.402784126984127,11330,3379,5302
"Grambling",130,173,0.429042904290429,21055,21936,0.425050793650794,0.42688253968254,9952,4417,3469
"Grand Canyon",224,92,0.708860759493671,24144,21550,0.452343653250774,0.413578947368421,11011,3867,4440
"Green Bay",125,181,0.408496732026144,23423,24105,0.437616099071207,0.449910216718266,10093,3985,4331
"Hampton",116,151,0.434456928838951,20540,20948,0.420007067137809,0.437321554770318,9509,3364,3498
"Hartford",92,137,0.40174672489083,16634,17456,0.43055737704918,0.450459016393443,7019,3022,3041
"Harvard",110,106,0.509259259259259,15937,15667,0.444371179039301,0.42892576419214,7420,2945,3015
"Hawaii",176,113,0.608996539792388,21714,20611,0.445259016393443,0.430629508196721,9700,3791,4037
"High Point",173,121,0.58843537414966,23269,22117,0.457180952380952,0.437930158730159,10356,3676,4082
"Hofstra",192,111,0.633663366336634,24652,23037,0.459195652173913,0.439105590062112,10449,3398,4605
"Holy Cross",115,174,0.397923875432526,20075,21350,0.438334426229508,0.457859016393443,8437,3374,3843
"Houston",264,71,0.788059701492537,25588,21213,0.446542028985507,0.39111884057971,12054,3495,4715
"Houston Baptist",25,52,0.324675324675325,5860,6151,0.44245,0.4601375,2629,1232,1066
"Houston Christian",77,135,0.363207547169811,16559,17379,0.44396803652968,0.473799086757991,7251,3028,2961
"Howard",126,160,0.440559440559441,21897,22249,0.434823333333333,0.43808,9622,4241,3722
"IU Indy",16,48,0.25,4510,5012,0.4340625,0.491296875,1826,747,768
"IUPUI",75,150,0.333333333333333,16009,17334,0.432586497890295,0.462586497890295,7238,3316,2914
"Idaho",117,174,0.402061855670103,22076,22656,0.448,0.449857605177994,9531,3909,3919
"Idaho State",108,182,0.372413793103448,21163,21834,0.444744186046512,0.45858803986711,9085,3651,3551
"Illinois",187,128,0.593650793650794,25395,23686,0.448488023952096,0.436670658682635,11299,3812,4614
"Illinois State",156,145,0.518272425249169,22801,22503,0.441036809815951,0.432674846625767,10358,4020,4197
"Illinois-Chicago",124,174,0.416107382550336,22541,23191,0.431670886075949,0.438806962025316,10184,4139,4307
"Incarnate Word",112,173,0.392982456140351,21346,22341,0.446114478114478,0.465023569023569,8726,3930,3667
"Indiana",163,111,0.594890510948905,21751,20488,0.470215753424658,0.425571917808219,9746,3539,4311
"Indiana State",155,141,0.523648648648649,23367,22830,0.445830721003135,0.438598746081505,10080,4010,4300
"Iona",196,113,0.634304207119741,24461,23139,0.450884735202492,0.434772585669782,10400,3798,4866
"Iowa",169,111,0.603571428571429,24036,22374,0.465535353535354,0.451511784511785,10093,3128,5103
"Iowa State",173,110,0.6113074204947,22131,20399,0.462435810810811,0.42822972972973,9343,3391,4381
"Jackson State",130,163,0.443686006825939,20326,21217,0.403945161290323,0.431964516129032,10236,3997,3540
"Jacksonville",146,153,0.488294314381271,22067,22090,0.443652733118971,0.442974276527331,10029,3894,3890
"Jacksonville State",169,138,0.550488599348534,22990,22080,0.443777089783282,NA,10788,3918,4223
"James Madison",167,123,0.575862068965517,23237,22113,0.450083067092652,0.433210862619808,10283,3727,4059
"Kansas",229,71,0.763333333333333,24481,21814,0.477347133757962,0.41375796178344,10849,3774,5047
"Kansas City",108,144,0.428571428571429,18371,18500,0.429484496124031,0.444306201550388,8031,3100,3034
"Kansas State",179,141,0.559375,23136,22452,0.440840840840841,0.431249249249249,10238,4150,4715
"Kennesaw State",127,177,0.417763157894737,22489,23215,0.437144694533762,0.45324115755627,10104,4009,4131
"Kent State",197,114,0.633440514469453,24166,22812,0.437121951219512,0.430701219512195,11006,3820,4032
"Kentucky",213,84,0.717171717171717,24486,21667,0.473348534201954,0.417244299674267,10988,3513,4600
"La Salle",123,171,0.418367346938776,21524,22435,0.42421935483871,0.450241935483871,9606,3716,3992
"Lafayette",81,161,0.334710743801653,18143,19345,0.433698113207547,0.451218867924528,7976,3116,3762
"Lamar",138,162,0.46,22728,22523,0.435171974522293,0.442359872611465,10487,4227,4329
"Lehigh",138,144,0.48936170212766,21302,21147,0.454595238095238,0.438323129251701,9189,3620,4109
"Liberty",206,122,0.628048780487805,24005,21532,0.4663353115727,0.423356083086053,10069,3768,4903
"Lindenwood",33,59,0.358695652173913,6593,6982,0.417458333333333,0.443416666666667,2994,1151,995
"Lipscomb",183,131,0.582802547770701,25673,24280,0.464819571865443,0.440318042813456,10857,4055,5078
"Little Rock",135,158,0.460750853242321,22066,22062,0.44823642172524,0.436067092651757,9844,3929,4171
"Long Beach State",103,119,0.463963963963964,17654,17968,0.442303797468354,0.447147679324895,7894,3171,3205
"Long Island University",124,160,0.436619718309859,21407,21969,0.428859531772575,0.437498327759197,10168,4136,3972
"Longwood",140,175,0.444444444444444,23044,23189,0.442524691358025,0.447712962962963,10130,4277,3899
"Louisiana",189,123,0.605769230769231,24999,23597,0.450015384615385,0.442966153846154,11115,4158,4462
"Louisiana State",152,125,0.548736462093863,22050,21430,0.451406896551724,0.436527586206897,9736,3593,3767
"Louisiana Tech",201,109,0.648387096774194,24452,22263,0.45202752293578,0.422422018348624,10891,3864,4576
"Louisiana-Monroe",125,174,0.418060200668896,22505,22763,0.431133126934985,0.433405572755418,10252,3792,4383
"Louisville",149,123,0.547794117647059,20685,19830,0.44330985915493,0.429528169014085,9821,3336,3546
"Loyola (IL)",211,112,0.653250773993808,23469,21638,0.475540059347181,0.427970326409496,9882,4054,4931
"Loyola (MD)",97,181,0.348920863309353,20141,21310,0.433682274247492,0.464117056856187,9123,3812,3785
"Loyola Marymount",131,156,0.456445993031359,21151,21539,0.44341059602649,0.454993377483444,9240,3605,3974
"Maine",79,196,0.287272727272727,19204,21071,0.426937931034483,0.460465517241379,8424,3767,3862
"Manhattan",97,149,0.394308943089431,18065,19098,0.426135338345865,0.448928571428571,8051,3661,3407
"Marist",107,177,0.376760563380282,20086,21118,0.432116666666667,0.434086666666667,9043,3716,3438
"Marquette",197,116,0.629392971246006,25179,23580,0.465309090909091,0.434954545454545,10256,3888,5041
"Marshall",171,138,0.553398058252427,25576,25014,0.446592592592593,0.447166666666667,10854,4021,5020
"Maryland",186,110,0.628378378378378,21900,20049,0.456023255813953,0.415528239202658,9827,3471,3897
"Maryland-Baltimore County",143,156,0.478260869565217,22755,22755,0.449698717948718,0.450323717948718,9567,3733,4173
"Maryland-Eastern Shore",94,177,0.346863468634686,18478,20130,0.418813620071685,0.454118279569892,8387,3792,3415
"Massachusetts",129,154,0.45583038869258,21880,22109,0.433109634551495,0.44124584717608,9965,3787,4328
"Massachusetts-Lowell",145,144,0.501730103806228,22695,22168,0.465716171617162,0.446277227722772,9616,4089,4192
"McNeese State",133,159,0.455479452054795,22712,22380,0.447918566775244,0.440521172638436,10230,3885,4012
"Memphis",208,106,0.662420382165605,24721,22948,0.453365030674847,0.413312883435583,11174,4357,4860
"Mercer",152,153,0.498360655737705,23535,22815,0.452804281345566,0.429538226299694,10563,3807,4537
"Merrimack",77,68,0.531034482758621,9613,9529,0.429452702702703,0.421993243243243,3938,1703,1791
"Miami (FL)",188,130,0.591194968553459,23920,22955,0.45672256097561,0.445457317073171,10237,3574,4277
"Miami (OH)",136,163,0.454849498327759,22527,22508,0.440761904761905,0.443942857142857,9745,3807,4036
"Michigan",212,115,0.648318042813456,25203,23202,0.460692753623188,0.433205797101449,10855,3521,4813
"Michigan State",213,86,0.712374581939799,23156,20667,0.467171521035599,0.403485436893204,10971,3609,5302
"Middle Tennessee",186,130,0.588607594936709,22947,22161,0.441147239263804,0.436782208588957,10643,4063,3953
"Milwaukee",144,153,0.484848484848485,23019,23049,0.443741324921136,0.440003154574132,10475,3865,4284
"Minnesota",147,155,0.486754966887417,22800,22804,0.435691588785047,0.441566978193146,10172,3497,4690
"Mississippi",154,125,0.551971326164875,21574,21033,0.43539590443686,0.437856655290102,9402,3419,4000
"Mississippi State",184,134,0.578616352201258,23989,22757,0.45227027027027,0.422453453453453,11231,4223,4401
"Mississippi Valley State",41,253,0.139455782312925,19302,24656,0.390621359223301,0.480585760517799,9045,4350,3206
"Missouri",136,169,0.445901639344262,22667,22787,0.437437106918239,0.433801886792453,9931,3872,4018
"Missouri State",150,149,0.501672240802676,21867,21429,0.444238095238095,0.431936507936508,10269,3714,3812
"Missouri-Kansas City",24,31,0.436363636363636,3847,3704,0.441421052631579,0.445894736842105,1604,707,731
"Monmouth",158,142,0.526666666666667,22792,23018,0.427432601880878,0.421614420062696,10350,3918,3881
"Montana",201,110,0.646302250803859,24251,22732,0.471125,0.443048780487805,9914,3669,4429
"Montana State",150,148,0.503355704697987,23441,23207,0.447261146496815,0.454414012738854,9817,3708,4070
"Morehead State",177,137,0.563694267515924,23620,22695,0.444306990881459,0.434960486322188,11074,4143,4598
"Morgan State",112,168,0.4,21228,21825,0.419989795918367,0.449547619047619,9579,4004,3716
"Mount St. Mary's",143,157,0.476666666666667,21370,21725,0.43448417721519,0.435892405063291,9594,4003,3943
"Murray State",198,109,0.644951140065147,24238,21931,0.464554858934169,0.434780564263323,10515,3576,4566
"NC State",142,119,0.544061302681992,20703,19930,0.447612546125461,0.451107011070111,8955,2877,3621
"NJIT",120,167,0.418118466898955,20985,21649,0.427880398671096,0.443538205980066,9548,3611,3658
"Navy",155,139,0.527210884353742,20445,20153,0.433813114754098,0.440413114754098,9789,3653,4048
"Nebraska",152,155,0.495114006514658,23144,22886,0.438614197530864,0.426771604938272,10631,3740,4180
"Nevada",204,112,0.645569620253165,24704,22985,0.448572727272727,0.423015151515152,11021,3681,4714
"Nevada-Las Vegas",161,138,0.538461538461538,23279,22468,0.441626959247649,0.427805642633229,10665,3801,4347
"New Hampshire",130,155,0.456140350877193,20229,20306,0.414518518518519,0.434579124579125,9926,3338,3473
"New Mexico",173,133,0.565359477124183,24098,23014,0.451157232704402,0.439081761006289,10492,3875,4416
"New Mexico State",179,89,0.667910447761194,20199,18287,0.447578181818182,0.410785454545455,9909,3341,3663
"New Orleans",120,169,0.41522491349481,22343,23083,0.447667752442997,0.45842996742671,9713,4500,4182
"Niagara",118,171,0.408304498269896,21223,22011,0.432947194719472,0.450237623762376,9433,3531,3573
"Nicholls State",156,143,0.521739130434783,23125,22999,0.444090032154341,0.438479099678457,9924,4183,4081
"Norfolk State",187,124,0.60128617363344,23983,22634,0.450687116564417,0.41130981595092,10786,4238,4137
"North Alabama",85,93,0.47752808988764,13628,13438,0.429,0.437075268817204,6230,2013,2069
"North Carolina",229,84,0.731629392971246,25945,22963,0.460196875,0.42360625,12182,3663,5163
"North Carolina A&T",101,194,0.342372881355932,21232,22862,0.421910256410256,0.442955128205128,9632,3866,3710
"North Carolina Central",166,127,0.566552901023891,22289,20511,0.455852459016393,0.42287868852459,9957,4056,4309
"North Carolina State",14,10,0.583333333333333,1820,1742,0.4704,0.45216,739,311,326
"North Carolina-Asheville",23,24,0.48936170212766,3710,3639,0.456588235294118,0.435137254901961,1617,721,677
"North Carolina-Greensboro",31,29,0.516666666666667,4479,4357,0.431825396825397,0.433952380952381,2099,720,770
"North Carolina-Wilmington",22,23,0.488888888888889,3536,3453,0.440897959183673,0.442591836734694,1565,571,574
"North Dakota",119,173,0.407534246575342,23034,23507,0.445429487179487,0.465278846153846,9884,3707,3937
"North Dakota State",158,117,0.574545454545455,21031,20193,0.460108771929825,0.439284210526316,9292,3122,3383
"North Florida",126,150,0.456521739130435,21890,22257,0.450367491166078,0.458035335689046,9088,3730,4030
"North Texas",184,131,0.584126984126984,22665,21413,0.444326219512195,0.420746951219512,10491,3850,3781
"Northeastern",126,130,0.4921875,19339,19379,0.454218181818182,0.454083636363636,8384,3390,3715
"Northern Arizona",104,196,0.346666666666667,22142,23832,0.421446540880503,0.465455974842767,10051,3855,4034
"Northern Colorado",162,136,0.543624161073825,24003,23395,0.469289808917197,0.459592356687898,9983,3773,4005
"Northern Illinois",115,175,0.396551724137931,21448,22155,0.437508196721311,0.443183606557377,9612,3827,3430
"Northern Iowa",143,130,0.523809523809524,19649,19155,0.443982456140351,0.439108771929825,8502,3035,3364
"Northern Kentucky",176,127,0.580858085808581,23231,22107,0.451657232704403,0.435707547169811,10271,3823,4525
"Northwestern",163,136,0.545150501672241,22191,21175,0.432292452830189,0.423707547169811,9847,3168,4679
"Northwestern State",119,179,0.399328859060403,22302,23730,0.437591503267974,0.459754901960784,9691,4203,4002
"Notre Dame",152,137,0.525951557093426,21318,20682,0.444810810810811,0.43689527027027,9492,2853,3904
"Oakland",174,136,0.561290322580645,25406,24820,0.448382530120482,0.44714156626506,10745,3894,4988
"Ohio",170,131,0.564784053156146,23658,22665,0.453375,0.436980769230769,10092,3615,4306
"Ohio State",171,113,0.602112676056338,22117,20710,0.459324414715719,0.422133779264214,9925,3343,3941
"Oklahoma",160,113,0.586080586080586,21734,20656,0.456562068965517,0.430641379310345,9438,3590,3862
"Oklahoma State",140,138,0.503597122302158,21525,21181,0.437935810810811,0.429807432432432,9716,3861,3901
"Old Dominion",185,127,0.592948717948718,21873,21017,0.426829721362229,0.413687306501548,11128,3444,4015
"Omaha",126,172,0.422818791946309,23647,24520,0.452585209003215,0.464697749196141,9806,3717,3811
"Oral Roberts",142,159,0.471760797342193,23883,23646,0.449070063694267,NA,10197,3490,3961
"Oregon",214,92,0.699346405228758,23817,21673,0.461753943217666,0.425694006309148,10271,3522,4421
"Oregon State",137,169,0.447712418300654,21872,22129,0.444207547169811,0.435559748427673,9613,3822,4130
"Pacific",99,188,0.344947735191638,20668,22124,0.428453642384106,NA,9231,3598,3679
"Penn State",161,143,0.529605263157895,23121,22543,0.436308641975309,0.43429012345679,10307,3607,4131
"Pennsylvania",120,124,0.491803278688525,18524,18642,0.446498084291188,0.43748275862069,8342,3155,3669
"Pepperdine",120,185,0.39344262295082,23003,23906,0.445485893416928,0.458902821316614,9980,3861,4605
"Pittsburgh",155,153,0.503246753246753,22566,22161,0.436451410658307,0.436639498432602,10311,3582,4416
"Portland",115,184,0.384615384615385,22395,23791,0.434252396166134,0.449249201277955,9521,3862,4119
"Portland State",143,145,0.496527777777778,23161,22507,0.44371523178808,0.459288079470199,9757,3679,4230
"Prairie View",122,177,0.408026755852843,21487,22604,0.425652597402597,0.459636363636364,9062,4020,3660
"Presbyterian",106,195,0.352159468438538,21368,22228,0.437619808306709,0.457380191693291,9422,3836,3825
"Princeton",167,79,0.678861788617886,19598,17998,0.454503787878788,0.438761363636364,8407,2784,3646
"Providence",160,110,0.592592592592593,21115,20327,0.440175257731959,0.434659793814433,9598,3381,4099
"Purdue",231,66,0.777777777777778,24277,20946,0.475608974358974,0.420560897435897,10846,3463,5134
"Purdue Fort Wayne",116,76,0.604166666666667,16483,15243,0.472258706467662,0.455875621890547,6389,2286,3021
"Purdue-Fort Wayne",57,53,0.518181818181818,8579,8278,0.466632478632479,0.451435897435897,3497,1537,1638
"Queens (NC)",52,49,0.514851485148515,7892,7767,0.446712871287129,0.458594059405941,3413,1185,1450
"Quinnipiac",137,147,0.482394366197183,22005,22084,0.4198125,0.430726973684211,10745,3977,4071
"Radford",166,135,0.551495016611296,22666,22086,0.446009259259259,0.440373456790123,10494,3852,3945
"Rhode Island",161,138,0.538461538461538,22421,21535,0.446622222222222,0.426606349206349,10379,3851,4092
"Rice",128,171,0.42809364548495,23386,23800,0.44092789968652,0.45064263322884,10500,4162,4397
"Richmond",161,142,0.531353135313531,22708,22231,0.459523510971787,0.444551724137931,9246,3154,4605
"Rider",145,151,0.489864864864865,22026,22148,0.439729032258065,0.434525806451613,10420,3761,4033
"Robert Morris",118,152,0.437037037037037,19828,20241,0.433271126760563,0.447598591549296,8974,3843,3771
"Rutgers",139,167,0.454248366013072,21401,21811,0.42098427672956,0.424421383647799,10682,3738,3938
"SIU Edwardsville",119,174,0.406143344709898,21276,22178,0.422845901639344,0.445613114754098,9821,3945,3682
"Sacramento State",112,177,0.387543252595156,20848,21463,0.447788778877888,0.455712871287129,9412,3622,4021
"Sacred Heart",121,164,0.424561403508772,22241,22634,0.443986798679868,0.446006600660066,10147,4032,4271
"Saint Francis (PA)",129,161,0.444827586206897,21921,22348,0.444045602605863,0.448931596091205,9833,3822,3985
"Saint Joseph's",151,147,0.506711409395973,22617,22415,0.427644444444444,0.429542857142857,10326,3524,4228
"Saint Louis",156,154,0.503225806451613,22082,22039,0.439918238993711,0.432003144654088,10279,3928,4402
"Saint Mary's (CA)",246,72,0.773584905660377,23571,20117,0.473326219512195,0.420844512195122,10891,3278,4693
"Saint Peter's",143,147,0.493103448275862,19879,19792,0.415504854368932,0.414190938511327,9782,3797,3429
"Sam Houston",112,83,0.574358974358974,14916,14350,0.436217821782178,0.436490099009901,6789,2522,3001
"Sam Houston State",86,38,0.693548387096774,9416,8061,0.4388671875,0.40421875,4478,1634,1853
"Samford",163,129,0.558219178082192,24673,23864,0.462703470031546,0.446066246056782,10017,4195,4660
"San Diego",125,166,0.429553264604811,20894,21791,0.428559210526316,0.450121710526316,9334,3672,3782
"San Diego State",207,87,0.704081632653061,21476,19188,0.43812292358804,0.397063122923588,10069,3396,3848
"San Francisco",189,125,0.601910828025478,24101,22574,0.451941538461538,0.433809230769231,10708,3777,4402
"San Jose State",87,209,0.293918918918919,20431,22585,0.421973770491803,0.454931147540984,9539,3889,3881
"Santa Clara",161,135,0.543918918918919,22160,21887,0.447155339805825,0.443032362459547,9756,3550,4308
"Savannah State",58,90,0.391891891891892,11349,NA,0.404709677419355,NA,4893,2287,2084
"Seattle",168,137,0.550819672131148,22580,21564,0.429424528301887,0.413959119496855,10495,3975,4150
"Seton Hall",178,132,0.574193548387097,23298,22494,0.440583333333333,0.429478395061728,10924,3988,4123
"Siena",130,156,0.454545454545455,21109,21745,0.437370491803279,0.447406557377049,9642,3883,3756
"South Alabama",157,146,0.518151815181518,22951,22518,0.441772585669782,0.424716510903427,10141,3883,3840
"South Carolina",167,139,0.545751633986928,22490,22084,0.42025786163522,0.425503144654088,10443,4048,4191
"South Carolina State",109,186,0.369491525423729,21755,23323,0.423185064935065,0.465353896103896,9701,4156,3842
"South Carolina Upstate",110,191,0.365448504983389,22426,23323,0.443160256410256,0.452205128205128,9759,3887,4269
"South Dakota",163,142,0.534426229508197,23904,23402,0.45248253968254,0.444349206349206,10165,3442,4008
"South Dakota State",220,96,0.69620253164557,25722,23445,0.475858895705521,0.429386503067485,10965,3696,4286
"South Florida",122,178,0.406666666666667,21133,22088,0.425394904458599,0.428828025477707,10149,4116,3912
"Southeast Missouri State",122,173,0.413559322033898,22653,23204,0.438495207667732,0.455945686900958,9746,3981,4163
"Southeastern Louisiana",147,158,0.481967213114754,22724,22969,0.446662460567823,0.448334384858044,9993,4455,4295
"Southern",151,150,0.501661129568106,21974,21802,0.433319488817891,0.431,9953,4155,3842
"Southern California",195,126,0.607476635514019,25278,23894,0.460193452380952,0.422458333333333,11141,3958,4962
"Southern Illinois",164,141,0.537704918032787,21677,21325,0.4505,0.443880503144654,9520,3788,4028
"Southern Indiana",33,59,0.358695652173913,6839,6986,0.424378947368421,0.435642105263158,3176,1148,1125
"Southern Methodist",173,99,0.636029411764706,20522,18662,0.457286231884058,0.415268115942029,9362,3166,4184
"Southern Mississippi",122,174,0.412162162162162,20982,21822,0.433641935483871,0.435996774193548,9631,3766,4162
"Southern Utah",126,166,0.431506849315068,23617,23842,0.444331189710611,0.45775884244373,10066,3958,3807
"St. Bonaventure",190,106,0.641891891891892,22166,20934,0.443048387096774,0.424848387096774,9857,3442,3968
"St. Francis (NY)",99,126,0.44,16478,17015,0.406373443983402,0.44956846473029,7867,2965,2829
"St. John's (NY)",153,124,0.552346570397112,22244,21538,0.442907216494845,0.435838487972509,9777,3507,4340
"St. Thomas",63,37,0.63,7676,7000,0.47112,0.45147,2829,907,1400
"St. Thomas (MN)",10,20,0.333333333333333,2241,2260,0.4414,0.495466666666667,801,225,377
"Stanford",157,152,0.508090614886731,23027,22757,0.44719937694704,0.439613707165109,10437,4026,4270
"Stephen F. Austin",172,97,0.639405204460966,20837,19198,0.463627240143369,0.434663082437276,8944,4110,3976
"Stetson",115,179,0.391156462585034,23203,24177,0.441038095238095,0.456396825396825,9949,3641,4302
"Stonehill",33,60,0.354838709677419,6241,6759,0.425882978723404,0.438202127659574,2760,1167,1207
"Stony Brook",164,144,0.532467532467532,22156,21816,0.426934169278997,0.428087774294671,10647,3692,3949
"Syracuse",178,133,0.572347266881029,23866,23011,0.44390273556231,0.424203647416413,10520,3767,4504
"TCU",154,109,0.585551330798479,20096,19116,0.450659340659341,0.440695970695971,9049,3392,4199
"Tarleton State",77,72,0.516778523489933,10533,10208,0.44271052631579,0.437901315789474,4325,1817,1900
"Temple",161,131,0.551369863013699,21972,21771,0.416221153846154,0.427205128205128,10167,3327,3997
"Tennessee",221,104,0.68,24927,22348,0.442287833827893,0.406540059347181,11407,3754,5129
"Tennessee State",134,158,0.458904109589041,21710,21729,0.438609836065574,0.430695081967213,9932,4220,3553
"Tennessee Tech",120,176,0.405405405405405,22322,23026,0.437480769230769,0.448753205128205,9933,4088,4367
"Tennessee-Martin",144,156,0.48,23488,23457,0.442657232704402,0.440037735849057,10729,4007,4206
"Texas",169,113,0.599290780141844,22056,20469,0.451079470198676,0.42332119205298,9746,3381,3973
"Texas A&M",195,121,0.617088607594937,23369,21929,0.439329192546584,0.41567701863354,11361,3998,4409
"Texas A&M-Commerce",10,18,0.357142857142857,2362,2421,0.456363636363636,0.46069696969697,961,406,474
"Texas A&M-Corpus Christi",179,131,0.57741935483871,23307,22212,0.446610591900312,0.427420560747664,10513,4230,4307
"Texas Christian",30,26,0.535714285714286,3987,3910,0.438423728813559,0.423406779661017,1944,736,773
"Texas Southern",152,128,0.542857142857143,21732,21514,0.438850847457627,0.430840677966102,10038,3907,3745
"Texas State",174,132,0.568627450980392,21851,20921,0.44335625,0.427928125,10057,3784,4085
"Texas Tech",208,108,0.658227848101266,24373,21922,0.45585628742515,0.41287125748503,10725,3796,4566
"Texas-Arlington",29,26,0.527272727272727,4136,4033,0.425228070175439,0.418350877192982,1935,742,755
"Texas-El Paso",34,21,0.618181818181818,3980,3748,0.448842105263158,0.425087719298246,1822,656,737
"Texas-Rio Grande Valley",112,184,0.378378378378378,22134,23294,0.427575163398693,0.448983660130719,9645,4209,4452
"Texas-San Antonio",28,27,0.509090909090909,4170,4017,0.434589285714286,0.440714285714286,1895,665,753
"The Citadel",77,164,0.319502074688797,19705,20782,0.430214285714286,0.47272619047619,8068,3211,3632
"Toledo",207,105,0.663461538461538,25977,24054,0.471966360856269,0.44519877675841,10901,3582,4928
"Towson",163,129,0.558219178082192,22000,21123,0.436285256410256,0.426913461538462,10818,3625,3510
"Troy",157,147,0.516447368421053,23062,22319,0.433672955974843,0.430100628930818,10562,4144,4036
"Tulane",117,169,0.409090909090909,21750,22244,0.429736842105263,0.436855263157895,9393,3605,4094
"Tulsa",142,154,0.47972972972973,21442,21577,0.434384364820847,0.428495114006515,9705,3726,3851
"UAB",175,86,0.670498084291188,21360,19518,0.463224637681159,0.428079710144928,9692,3202,4104
"UC Davis",123,109,0.530172413793103,17291,17091,0.440979919678715,0.432983935742972,7595,3309,2995
"UC Irvine",186,81,0.696629213483146,20140,18261,0.454514388489209,0.391737410071942,9842,3395,3858
"UC Riverside",114,132,0.463414634146341,17578,17824,0.425407843137255,0.441933333333333,8181,3026,3268
"UC San Diego",72,50,0.59016393442623,9400,8688,0.450574803149606,0.436196850393701,3784,1273,1733
"UC Santa Barbara",144,97,0.597510373443983,18109,17161,0.460745019920319,0.432446215139442,8175,2905,3571
"UC-Davis",30,14,0.681818181818182,3558,3357,0.4741,0.43302,1413,674,620
"UC-Irvine",17,8,0.68,1950,1712,0.448592592592593,0.385259259259259,971,340,319
"UC-Riverside",26,22,0.541666666666667,3569,3450,0.431452830188679,0.415981132075472,1718,653,707
"UC-San Diego",6,10,0.375,1214,1226,0.458823529411765,0.458058823529412,463,222,294
"UC-Santa Barbara",38,15,0.716981132075472,4309,3808,0.4576,0.4182,1921,639,941
"UCF",37,33,0.528571428571429,5317,5216,0.424214285714286,0.432914285714286,2343,829,891
"UCLA",189,90,0.67741935483871,22987,20926,0.46266220735786,0.424923076923077,10193,3238,4550
"UNC Asheville",146,99,0.595918367346939,19672,18785,0.460003802281369,0.442802281368821,8199,3217,3594
"UNC Greensboro",167,89,0.65234375,19472,17947,0.449670411985019,0.421044943820225,8744,3114,3631
"UNC Wilmington",156,90,0.634146341463415,20355,19249,0.451908745247148,0.452863117870722,8879,2851,3592
"UT Arlington",136,114,0.544,19493,18731,0.435507575757576,0.420333333333333,9294,3574,3931
"UTEP",113,129,0.466942148760331,17848,17745,0.442992125984252,0.437818897637795,7920,3317,3231
"UTSA",95,155,0.38,18883,19693,0.414720930232558,0.450643410852713,8745,3118,3159
"University of California",26,35,0.426229508196721,4092,4229,0.436435483870968,0.44391935483871,1895,709,758
"Utah",159,121,0.567857142857143,21702,20396,0.461367697594502,0.427264604810997,9714,3464,4475
"Utah State",203,112,0.644444444444444,24457,22413,0.46840490797546,0.425042944785276,10736,3845,5201
"Utah Tech",31,64,0.326315789473684,6994,7317,0.445360824742268,0.459082474226804,2981,1360,1253
"Utah Valley",179,125,0.588815789473684,23421,22191,0.453465408805031,NA,11181,4254,4800
"VMI",96,198,0.326530612244898,22308,23636,0.423277777777778,0.455558823529412,9865,3931,3913
"Valparaiso",134,141,0.487272727272727,20697,20409,0.438638225255973,0.438682593856655,9377,3455,3763
"Vanderbilt",150,162,0.480769230769231,23279,22903,0.435364197530864,0.435478395061728,10344,3744,4089
"Vermont",232,85,0.73186119873817,23307,20660,0.472439628482972,0.420684210526316,10118,3442,4306
"Villanova",222,79,0.737541528239203,23516,20589,0.462784565916399,0.424916398713826,9810,3032,4304
"Virginia",211,76,0.735191637630662,19932,17598,0.460794612794613,0.410053872053872,8760,2566,4292
"Virginia Commonwealth",207,80,0.721254355400697,21900,19691,0.452263333333333,0.41331,9813,3786,4250
"Virginia Tech",175,130,0.573770491803279,23623,22335,0.465857142857143,0.437254658385093,9665,3648,4597
"Wagner",158,119,0.570397111913357,20045,19367,0.417969387755102,0.42571768707483,9917,3569,3672
"Wake Forest",150,150,0.5,23060,22827,0.447745980707396,0.442090032154341,10203,3825,4115
"Washington",149,153,0.493377483443709,23282,23427,0.443457413249211,0.441362776025237,9932,4021,3959
"Washington State",143,160,0.471947194719472,22894,23156,0.446678233438486,0.447671924290221,10041,3918,4348
"Weber State",174,124,0.583892617449664,23773,22160,0.469901898734177,0.439879746835443,9907,3697,3904
"West Virginia",173,119,0.592465753424658,22746,21318,0.43450495049505,0.43719801980198,10070,3686,4199
"Western Carolina",115,182,0.387205387205387,22551,23678,0.426548895899054,0.445145110410095,10578,4212,3909
"Western Illinois",116,161,0.418772563176895,20511,21014,0.436494809688581,0.441723183391003,9555,3388,3427
"Western Kentucky",188,125,0.600638977635783,24465,23446,0.45461094224924,0.428215805471125,11061,4020,4338
"Western Michigan",108,184,0.36986301369863,21913,22866,0.435838187702265,0.454177993527508,10069,3788,3775
"Wichita State",182,96,0.654676258992806,21476,19632,0.439924137931034,0.410365517241379,10145,3278,4037
"William & Mary",135,153,0.46875,22445,22489,0.457625,0.453088815789474,9550,3639,4495
"Winthrop",197,103,0.656666666666667,24658,22729,0.466990415335463,0.430271565495208,10425,4075,4091
"Wisconsin",187,103,0.644827586206897,21822,20181,0.442311688311688,0.43124025974026,9695,2900,3890
"Wofford",166,112,0.597122302158273,21925,20426,0.465768965517241,0.451262068965517,9117,3210,4278
"Wright State",183,128,0.588424437299035,24248,22846,0.469031055900621,0.441875776397516,10319,3920,4639
"Wyoming",126,142,0.470149253731343,20820,20962,0.443003496503497,0.441730769230769,8773,3439,3598
"Xavier",190,96,0.664335664335664,23063,21435,0.465392617449664,0.434687919463087,10229,3532,4835
"Yale",178,84,0.679389312977099,20516,18528,0.468534798534799,0.421069597069597,9328,3197,4115
"Youngstown State",149,153,0.493377483443709,24486,24409,0.442890965732087,0.457361370716511,10523,3767,4535
